{"cameraMode":{"drawMode":0,"name":"Shaded","section":"Shading Mode"},"sceneLighting":true,"audioPlay":false,"sceneViewState":{"showFog":false,"showMaterialUpdate":false,"showSkybox":false,"showFlares":false,"showImageEffects":true,"showParticleSystems":true},"in2DMode":false,"pivot":{"x":-7.945982456207275,"y":11.674917221069336,"z":-36.33864974975586},"rotation":{"x":-0.3700098395347595,"y":0.4212760031223297,"z":-0.19361935555934907,"w":-0.805069625377655},"size":4.767336368560791,"orthographic":false}